,col_0,col_1,col_2,col_3,col_4,col_5,col_6,col_7,col_8,col_9,col_10,col_11,col_12,col_13,col_14,col_15
row_0,0.0,0.0,0.0,0.0,0.0,0.0,0.0,0.0,0.0,0.0,1.2108947988830468e-07,6.0240768334225345e-06,6.294735406155214e-05,0.00013931353700491917,6.777054938607283e-05,8.669729895984274e-06
row_1,0.0,0.0,0.0,0.0,0.0,0.0,0.0,0.0,0.0,8.665938944319823e-10,1.3193179496900369e-06,6.41287840121206e-05,0.0006737937479336822,0.0015667221483289563,0.0009319317293125098,0.00021079986061546608
row_2,0.0,0.0,0.0,0.0,0.0,0.0,0.0,0.0,0.0,4.58480313730592e-08,5.6235310533973155e-06,0.00019301801238736418,0.0019345430024798177,0.00539002565893095,0.00538170559359479,0.002558971810524851
row_3,0.0,0.0,0.0,0.0,0.0,0.0,0.0,0.0,1.8916189523845026e-09,6.814623780319405e-07,3.4749443809513224e-05,0.0005466152024982882,0.003689895488387901,0.012561525291677075,0.02049509281890991,0.01707794941552542
row_4,0.0,0.0,0.0,0.0,0.0,0.0,0.0,0.0,9.403650434429194e-08,7.1351199854443175e-06,0.00017964422876218838,0.0018383928170681255,0.008762700238722413,0.027445941854958168,0.053596911786924,0.06423691266419584
row_5,0.0,0.0,0.0,0.0,0.0,0.0,0.0,0.0,9.798828767208656e-07,5.277320181671316e-05,0.0007215559440124982,0.0038595212063268097,0.013746462753098225,0.04335202979237486,0.09680124751833061,0.13597796314219165
row_6,0.0,0.0,0.0,0.0,0.0,0.0,0.0,0.0,2.1402609738380543e-06,0.00010892361798355021,0.0012453616781227584,0.004338933532203134,0.012654271446809062,0.047575681416339985,0.11227550357016779,0.15218611695977557
row_7,0.0,0.0,0.0,0.0,0.0,0.0,0.0,0.0,9.798828767208656e-07,4.933118906620922e-05,0.0005470610615776484,0.0018964156380057212,0.007479830170345214,0.030050294896632346,0.06399298750616574,0.07827251590968264
row_8,0.0,0.0,0.0,0.0,0.0,0.0,0.0,0.0,9.403650434429194e-08,4.72365082226917e-06,5.4978299374754914e-05,0.00033115328589817687,0.0025332252176222354,0.00927341208208026,0.016055882554363538,0.017244342349999425
row_9,0.0,0.0,0.0,0.0,0.0,0.0,0.0,0.0,1.8916189523845026e-09,9.496431133381188e-08,1.737598722568521e-06,3.869629821221539e-05,0.00040601052945673827,0.0011959203468345325,0.0014676441508325623,0.0013216845226277658
row_10,0.0,0.0,0.0,0.0,0.0,0.0,0.0,0.0,0.0,0.0,4.876592750293625e-08,2.4376212367193246e-06,2.59355274769369e-05,6.260231762102844e-05,4.6049874928018584e-05,2.6497862450389084e-05
row_11,0.0,0.0,0.0,0.0,0.0,0.0,0.0,0.0,0.0,0.0,8.789485393674106e-10,4.369444915766097e-08,4.553066156158254e-07,9.944810789978007e-07,4.553066156158254e-07,4.457339769702838e-08
